Model,Accuracy,F1-Score,Fit-Time,Predict-Time,score
Naive Bayes,0.814520768611207,0.660618275668563,0.018456300000000102,0.005828833333333133,43.32287160563765
LR,0.8431135657576804,0.6524939934127959,0.5121394333333334,0.0029282666666666335,23.929845550883044
Random Forest,0.8202738465078817,0.6451795872478517,1.503447833333335,0.1664145000000066,19.499093105137334
KNN,0.8275802554366587,0.7486705760385327,0.002730166666670633,3.8791810999999967,17.598216320237977
SVM,0.8389138188931078,0.6310468966093568,15.959707066666661,1.961342066666667,14.85170381818735
CNN,0.8173397779464722,0.5804370061802352,49.74500086666666,0.70883706666667,12.891330895301678
